id,Pa,Qa,Pb,Qb,Pc,Qc,CapA,CapB,CapC,PgA,PgB,PgC,name,bus_type,Vln,v_ln_base,s_base
1,0.0,0.0,0.0,0.0,0.0,0.0,0.0,0.0,0.0,0.0,0.0,0.0,node_1,SWING,7199.557856794634,7199.557856794634,1000000.0
2,0.0,0.0,0.0,0.0,0.0,0.0,0.0,0.0,0.0,0.0,0.0,0.0,node_2,PQ,7199.557856794634,7199.557856794634,1000000.0
3,0.0,0.0,0.0,0.0,0.0,0.0,0.0,0.0,0.0,0.0,0.0,0.0,node_3,PQ,7199.557856794634,7199.557856794634,1000000.0
4,0.0,0.0,0.0,0.0,0.0,0.0,0.0,0.0,0.0,0.0,0.0,0.0,node_4,PQ,7199.557856794634,7199.557856794634,1000000.0
5,0.0,0.0,0.0,0.0,0.0,0.0,0.0,0.0,0.0,0.0,0.0,0.0,node_5,PQ,7199.557856794634,7199.557856794634,1000000.0
6,0.0,0.0,0.0,0.0,0.0,0.0,0.0,0.0,0.0,0.0,0.0,0.0,node_6,PQ,7199.557856794634,7199.557856794634,1000000.0
7,0.0,0.0,0.0,0.0,0.0,0.0,0.0,0.0,0.0,0.0,0.0,0.0,node_7,PQ,7199.557856794634,7199.557856794634,1000000.0
8,0.0,0.0,0.0,0.0,0.0,0.0,0.0,0.0,0.0,0.0,0.0,0.0,node_8,PQ,7199.557856794634,7199.557856794634,1000000.0
9,0.0,0.0,0.0,0.0,0.0,0.0,0.0,0.0,0.0,0.0,0.0,0.0,node_9,PQ,7199.557856794634,7199.557856794634,1000000.0
10,0.0,0.0,0.0,0.0,0.0,0.0,0.0,0.0,0.0,0.0,0.0,0.0,node_10,PQ,7199.557856794634,7199.557856794634,1000000.0
11,0.0,0.0,0.0,0.0,0.0,0.0,0.0,0.0,0.0,0.0,0.0,0.0,node_11,PQ,7199.557856794634,7199.557856794634,1000000.0
12,0.0,0.0,0.0,0.0,0.0,0.0,0.0,0.0,0.0,0.0,0.0,0.0,node_12,PQ,7199.557856794634,7199.557856794634,1000000.0
13,0.0,0.0,0.0,0.0,0.0,0.0,0.0,0.0,0.0,0.0,0.0,0.0,node_13,PQ,7199.557856794634,7199.557856794634,1000000.0
14,0.0,0.0,0.0,0.0,0.0,0.0,0.0,0.0,0.0,0.0,0.0,0.0,node_14,PQ,7199.557856794634,7199.557856794634,1000000.0
15,0.0,0.0,0.0,0.0,0.0,0.0,0.0,0.0,0.0,0.0,0.0,0.0,node_15,PQ,7199.557856794634,7199.557856794634,1000000.0
16,0.0,0.0,0.0,0.0,0.0,0.0,0.0,0.0,0.0,0.0,0.0,0.0,node_16,PQ,7199.557856794634,7199.557856794634,1000000.0
17,0.0,0.0,0.0,0.0,0.0,0.0,0.0,0.0,0.0,0.0,0.0,0.0,node_17,PQ,7199.557856794634,7199.557856794634,1000000.0
18,0.0,0.0,0.0,0.0,0.0,0.0,0.0,0.0,0.0,0.0,0.0,0.0,node_18,PQ,7199.557856794634,7199.557856794634,1000000.0
19,0.0,0.0,0.0,0.0,0.0,0.0,0.0,0.0,0.0,0.0,0.0,0.0,node_19,PQ,7199.557856794634,7199.557856794634,1000000.0
20,0.0,0.0,0.0,0.0,0.0,0.0,0.0,0.0,0.0,0.0,0.0,0.0,node_20,PQ,7199.557856794634,7199.557856794634,1000000.0
21,0.0,0.0,0.0,0.0,0.0,0.0,0.0,0.0,0.0,0.0,0.0,0.0,node_21,PQ,7199.557856794634,7199.557856794634,1000000.0
22,0.0,0.0,0.0,0.0,0.0,0.0,0.0,0.0,0.0,0.0,0.0,0.0,node_22,PQ,7199.557856794634,7199.557856794634,1000000.0
23,0.0,0.0,0.0,0.0,0.0,0.0,0.0,0.0,0.0,0.0,0.0,0.0,node_23,PQ,7199.557856794634,7199.557856794634,1000000.0
24,0.0,0.0,0.0,0.0,0.0,0.0,0.0,0.0,0.0,0.0,0.0,0.0,node_24,PQ,7199.557856794634,7199.557856794634,1000000.0
25,0.0,0.0,0.0,0.0,0.0,0.0,0.0,0.0,0.0,0.0,0.0,0.0,node_25,PQ,7199.557856794634,7199.557856794634,1000000.0
26,0.0,0.0,0.0,0.0,0.0,0.0,0.0,0.0,0.0,0.0,0.0,0.0,node_26,PQ,7199.557856794634,7199.557856794634,1000000.0
27,0.0,0.0,0.0,0.0,0.0,0.0,0.0,0.0,0.0,0.0,0.0,0.0,node_27,PQ,7199.557856794634,7199.557856794634,1000000.0
28,0.0,0.0,0.0,0.0,0.0,0.0,0.0,0.0,0.0,0.0,0.0,0.0,node_28,PQ,7199.557856794634,7199.557856794634,1000000.0
29,0.0,0.0,0.0,0.0,0.0,0.0,0.0,0.0,0.0,0.0,0.0,0.0,node_29,PQ,7199.557856794634,7199.557856794634,1000000.0
30,0.0,0.0,0.0,0.0,0.0,0.0,0.0,0.0,0.0,0.0,0.0,0.0,node_30,PQ,7199.557856794634,7199.557856794634,1000000.0
31,0.0,0.0,0.0,0.0,0.0,0.0,0.0,0.0,0.0,0.0,0.0,0.0,node_31,PQ,7199.557856794634,7199.557856794634,1000000.0
32,0.0,0.0,0.0,0.0,0.0,0.0,0.0,0.0,0.0,0.0,0.0,0.0,node_32,PQ,7199.557856794634,7199.557856794634,1000000.0
33,0.0,0.0,0.0,0.0,0.0,0.0,0.0,0.0,0.0,0.0,0.0,0.0,node_33,PQ,7199.557856794634,7199.557856794634,1000000.0
34,0.0,0.0,0.0,0.0,0.0,0.0,0.0,0.0,0.0,0.0,0.0,0.0,node_34,PQ,7199.557856794634,7199.557856794634,1000000.0
35,0.0,0.0,0.0,0.0,0.0,0.0,0.0,0.0,0.0,0.0,0.0,0.0,node_35,PQ,7199.557856794634,7199.557856794634,1000000.0
36,0.0,0.0,0.0,0.0,0.0,0.0,0.0,0.0,0.0,0.0,0.0,0.0,node_36,PQ,7199.557856794634,7199.557856794634,1000000.0
37,0.0,0.0,0.0,0.0,0.0,0.0,0.0,0.0,0.0,0.0,0.0,0.0,node_37,PQ,7199.557856794634,7199.557856794634,1000000.0
38,0.0,0.0,0.0,0.0,0.0,0.0,0.0,0.0,0.0,0.0,0.0,0.0,node_38,PQ,7199.557856794634,7199.557856794634,1000000.0
39,0.0,0.0,0.0,0.0,0.0,0.0,0.0,0.0,0.0,0.0,0.0,0.0,node_39,PQ,7199.557856794634,7199.557856794634,1000000.0
40,0.0,0.0,0.0,0.0,0.0,0.0,0.0,0.0,0.0,0.0,0.0,0.0,node_40,PQ,7199.557856794634,7199.557856794634,1000000.0
41,0.0,0.0,0.0,0.0,0.0,0.0,0.0,0.0,0.0,0.0,0.0,0.0,node_41,PQ,7199.557856794634,7199.557856794634,1000000.0
42,0.0,0.0,0.0,0.0,0.0,0.0,0.0,0.0,0.0,0.0,0.0,0.0,node_42,PQ,7199.557856794634,7199.557856794634,1000000.0
43,0.0,0.0,0.0,0.0,0.0,0.0,0.0,0.0,0.0,0.0,0.0,0.0,node_43,PQ,7199.557856794634,7199.557856794634,1000000.0
44,0.0,0.0,0.0,0.0,0.0,0.0,0.0,0.0,0.0,0.0,0.0,0.0,node_44,PQ,7199.557856794634,7199.557856794634,1000000.0
45,0.0,0.0,0.0,0.0,0.0,0.0,0.0,0.0,0.0,0.0,0.0,0.0,node_45,PQ,7199.557856794634,7199.557856794634,1000000.0
46,0.0,0.0,0.0,0.0,0.0,0.0,0.0,0.0,0.0,0.0,0.0,0.0,node_46,PQ,7199.557856794634,7199.557856794634,1000000.0
47,0.0,0.0,0.0,0.0,0.0,0.0,0.0,0.0,0.0,0.0,0.0,0.0,node_47,PQ,7199.557856794634,7199.557856794634,1000000.0
48,0.0,0.0,0.0,0.0,0.0,0.0,0.0,0.0,0.0,0.0,0.0,0.0,node_48,PQ,7199.557856794634,7199.557856794634,1000000.0
49,0.0,0.0,0.0,0.0,0.0,0.0,0.0,0.0,0.0,0.0,0.0,0.0,node_49,PQ,7199.557856794634,7199.557856794634,1000000.0
50,0.0,0.0,0.0,0.0,0.0,0.0,0.0,0.0,0.0,0.0,0.0,0.0,node_50,PQ,7199.557856794634,7199.557856794634,1000000.0
51,0.0,0.0,0.0,0.0,0.0,0.0,0.0,0.0,0.0,0.0,0.0,0.0,node_51,PQ,7199.557856794634,7199.557856794634,1000000.0
52,0.0,0.0,0.0,0.0,0.0,0.0,0.0,0.0,0.0,0.0,0.0,0.0,node_52,PQ,7199.557856794634,7199.557856794634,1000000.0
53,0.0,0.0,0.0,0.0,0.0,0.0,0.0,0.0,0.0,0.0,0.0,0.0,node_53,PQ,7199.557856794634,7199.557856794634,1000000.0
54,0.0,0.0,0.0,0.0,0.0,0.0,0.0,0.0,0.0,0.0,0.0,0.0,node_54,PQ,7199.557856794634,7199.557856794634,1000000.0
55,0.0,0.0,0.0,0.0,0.0,0.0,0.0,0.0,0.0,0.0,0.0,0.0,node_55,PQ,7199.557856794634,7199.557856794634,1000000.0
56,0.0,0.0,0.0,0.0,0.0,0.0,0.0,0.0,0.0,0.0,0.0,0.0,node_56,PQ,7199.557856794634,7199.557856794634,1000000.0
57,0.0,0.0,0.0,0.0,0.0,0.0,0.0,0.0,0.0,0.0,0.0,0.0,node_57,PQ,7199.557856794634,7199.557856794634,1000000.0
58,0.0,0.0,0.0,0.0,0.0,0.0,0.0,0.0,0.0,0.0,0.0,0.0,node_58,PQ,7199.557856794634,7199.557856794634,1000000.0
59,0.0,0.0,0.0,0.0,0.0,0.0,0.0,0.0,0.0,0.0,0.0,0.0,node_59,PQ,7199.557856794634,7199.557856794634,1000000.0
60,0.0,0.0,0.0,0.0,0.0,0.0,0.0,0.0,0.0,0.0,0.0,0.0,node_60,PQ,7199.557856794634,7199.557856794634,1000000.0
61,0.0,0.0,0.0,0.0,0.0,0.0,0.0,0.0,0.0,0.0,0.0,0.0,node_61,PQ,7199.557856794634,7199.557856794634,1000000.0
62,0.0,0.0,0.0,0.0,0.0,0.0,0.0,0.0,0.0,0.0,0.0,0.0,node_62,PQ,7199.557856794634,7199.557856794634,1000000.0
63,0.0,0.0,0.0,0.0,0.0,0.0,0.0,0.0,0.0,0.0,0.0,0.0,node_63,PQ,7199.557856794634,7199.557856794634,1000000.0
64,0.0,0.0,0.0,0.0,0.0,0.0,0.0,0.0,0.0,0.0,0.0,0.0,node_64,PQ,7199.557856794634,7199.557856794634,1000000.0
65,0.0,0.0,0.0,0.0,0.0,0.0,0.0,0.0,0.0,0.0,0.0,0.0,node_65,PQ,7199.557856794634,7199.557856794634,1000000.0
66,0.0,0.0,0.0,0.0,0.0,0.0,0.0,0.0,0.0,0.0,0.0,0.0,node_66,PQ,7199.557856794634,7199.557856794634,1000000.0
67,0.0,0.0,0.0,0.0,0.0,0.0,0.0,0.0,0.0,0.0,0.0,0.0,node_67,PQ,7199.557856794634,7199.557856794634,1000000.0
68,0.0,0.0,0.0,0.0,0.0,0.0,0.0,0.0,0.0,0.0,0.0,0.0,node_68,PQ,7199.557856794634,7199.557856794634,1000000.0
69,0.0,0.0,0.0,0.0,0.0,0.0,0.0,0.0,0.0,0.0,0.0,0.0,node_69,PQ,7199.557856794634,7199.557856794634,1000000.0
70,0.0,0.0,0.0,0.0,0.0,0.0,0.0,0.0,0.0,0.0,0.0,0.0,node_70,PQ,7199.557856794634,7199.557856794634,1000000.0
71,0.0,0.0,0.0,0.0,0.0,0.0,0.0,0.0,0.0,0.0,0.0,0.0,node_71,PQ,7199.557856794634,7199.557856794634,1000000.0
72,0.0,0.0,0.0,0.0,0.0,0.0,0.0,0.0,0.0,0.0,0.0,0.0,node_72,PQ,7199.557856794634,7199.557856794634,1000000.0
73,0.0,0.0,0.0,0.0,0.0,0.0,0.0,0.0,0.0,0.0,0.0,0.0,node_73,PQ,7199.557856794634,7199.557856794634,1000000.0
74,0.0,0.0,0.0,0.0,0.0,0.0,0.0,0.0,0.0,0.0,0.0,0.0,node_74,PQ,7199.557856794634,7199.557856794634,1000000.0
75,0.0,0.0,0.0,0.0,0.0,0.0,0.0,0.0,0.0,0.0,0.0,0.0,node_75,PQ,7199.557856794634,7199.557856794634,1000000.0
76,0.0,0.0,0.0,0.0,0.0,0.0,0.0,0.0,0.0,0.0,0.0,0.0,node_76,PQ,7199.557856794634,7199.557856794634,1000000.0
77,0.0,0.0,0.0,0.0,0.0,0.0,0.0,0.0,0.0,0.0,0.0,0.0,node_77,PQ,7199.557856794634,7199.557856794634,1000000.0
78,0.0,0.0,0.0,0.0,0.0,0.0,0.0,0.0,0.0,0.0,0.0,0.0,node_78,PQ,7199.557856794634,7199.557856794634,1000000.0
79,0.0,0.0,0.0,0.0,0.0,0.0,0.0,0.0,0.0,0.0,0.0,0.0,node_79,PQ,7199.557856794634,7199.557856794634,1000000.0
80,0.0,0.0,0.0,0.0,0.0,0.0,0.0,0.0,0.0,0.0,0.0,0.0,node_80,PQ,7199.557856794634,7199.557856794634,1000000.0
81,0.0,0.0,0.0,0.0,0.0,0.0,0.0,0.0,0.0,0.0,0.0,0.0,node_81,PQ,7199.557856794634,7199.557856794634,1000000.0
82,0.0,0.0,0.0,0.0,0.0,0.0,0.0,0.0,0.0,0.0,0.0,0.0,node_82,PQ,7199.557856794634,7199.557856794634,1000000.0
83,0.0,0.0,0.0,0.0,0.0,0.0,0.0,0.0,0.0,0.0,0.0,0.0,node_83,PQ,7199.557856794634,7199.557856794634,1000000.0
84,0.0,0.0,0.0,0.0,0.0,0.0,0.0,0.0,0.0,0.0,0.0,0.0,node_84,PQ,7199.557856794634,7199.557856794634,1000000.0
85,0.0,0.0,0.0,0.0,0.0,0.0,0.0,0.0,0.0,0.0,0.0,0.0,node_85,PQ,7199.557856794634,7199.557856794634,1000000.0
86,0.0,0.0,0.0,0.0,0.0,0.0,0.0,0.0,0.0,0.0,0.0,0.0,node_86,PQ,7199.557856794634,7199.557856794634,1000000.0
87,0.0,0.0,0.0,0.0,0.0,0.0,0.0,0.0,0.0,0.0,0.0,0.0,node_87,PQ,7199.557856794634,7199.557856794634,1000000.0
88,0.0,0.0,0.0,0.0,0.0,0.0,0.0,0.0,0.0,0.0,0.0,0.0,node_88,PQ,7199.557856794634,7199.557856794634,1000000.0
89,0.0,0.0,0.0,0.0,0.0,0.0,0.0,0.0,0.0,0.0,0.0,0.0,node_89,PQ,7199.557856794634,7199.557856794634,1000000.0
90,0.0,0.0,0.0,0.0,0.0,0.0,0.0,0.0,0.0,0.0,0.0,0.0,node_90,PQ,7199.557856794634,7199.557856794634,1000000.0
91,0.0,0.0,0.0,0.0,0.0,0.0,0.0,0.0,0.0,0.0,0.0,0.0,node_91,PQ,7199.557856794634,7199.557856794634,1000000.0
92,0.0,0.0,0.0,0.0,0.0,0.0,0.0,0.0,0.0,0.0,0.0,0.0,node_92,PQ,7199.557856794634,7199.557856794634,1000000.0
93,0.0,0.0,0.0,0.0,0.0,0.0,0.0,0.0,0.0,0.0,0.0,0.0,node_93,PQ,7199.557856794634,7199.557856794634,1000000.0
94,0.0,0.0,0.0,0.0,0.0,0.0,0.0,0.0,0.0,0.0,0.0,0.0,node_94,PQ,7199.557856794634,7199.557856794634,1000000.0
95,0.0,0.0,0.0,0.0,0.0,0.0,0.0,0.0,0.0,0.0,0.0,0.0,node_95,PQ,7199.557856794634,7199.557856794634,1000000.0
96,0.0,0.0,0.0,0.0,0.0,0.0,0.0,0.0,0.0,0.0,0.0,0.0,node_96,PQ,7199.557856794634,7199.557856794634,1000000.0
97,0.0,0.0,0.0,0.0,0.0,0.0,0.0,0.0,0.0,0.0,0.0,0.0,node_97,PQ,7199.557856794634,7199.557856794634,1000000.0
98,0.0,0.0,0.0,0.0,0.0,0.0,0.0,0.0,0.0,0.0,0.0,0.0,node_98,PQ,7199.557856794634,7199.557856794634,1000000.0
99,0.0,0.0,0.0,0.0,0.0,0.0,0.0,0.0,0.0,0.0,0.0,0.0,node_99,PQ,7199.557856794634,7199.557856794634,1000000.0
100,0.0,0.0,0.0,0.0,0.0,0.0,0.0,0.0,0.0,0.0,0.0,0.0,node_100,PQ,7199.557856794634,7199.557856794634,1000000.0
101,0.0,0.0,0.0,0.0,0.0,0.0,0.0,0.0,0.0,0.0,0.0,0.0,node_101,PQ,7199.557856794634,7199.557856794634,1000000.0
102,0.0,0.0,0.0,0.0,0.0,0.0,0.0,0.0,0.0,0.0,0.0,0.0,node_102,PQ,7199.557856794634,7199.557856794634,1000000.0
103,0.0,0.0,0.0,0.0,0.0,0.0,0.0,0.0,0.0,0.0,0.0,0.0,node_103,PQ,7199.557856794634,7199.557856794634,1000000.0
104,0.0,0.0,0.0,0.0,0.0,0.0,0.0,0.0,0.0,0.0,0.0,0.0,node_104,PQ,7199.557856794634,7199.557856794634,1000000.0
105,0.0,0.0,0.0,0.0,0.0,0.0,0.0,0.0,0.0,0.0,0.0,0.0,node_105,PQ,7199.557856794634,7199.557856794634,1000000.0
106,0.0,0.0,0.0,0.0,0.0,0.0,0.0,0.0,0.0,0.0,0.0,0.0,node_106,PQ,7199.557856794634,7199.557856794634,1000000.0
107,0.0,0.0,0.0,0.0,0.0,0.0,0.0,0.0,0.0,0.0,0.0,0.0,node_107,PQ,7199.557856794634,7199.557856794634,1000000.0
108,0.0,0.0,0.0,0.0,0.0,0.0,0.0,0.0,0.0,0.0,0.0,0.0,node_108,PQ,7199.557856794634,7199.557856794634,1000000.0
109,0.0,0.0,0.0,0.0,0.0,0.0,0.0,0.0,0.0,0.0,0.0,0.0,node_109,PQ,7199.557856794634,7199.557856794634,1000000.0
110,0.0,0.0,0.0,0.0,0.0,0.0,0.0,0.0,0.0,0.0,0.0,0.0,node_110,PQ,7199.557856794634,7199.557856794634,1000000.0
111,0.0,0.0,0.0,0.0,0.0,0.0,0.0,0.0,0.0,0.0,0.0,0.0,node_111,PQ,7199.557856794634,7199.557856794634,1000000.0
112,0.0,0.0,0.0,0.0,0.0,0.0,0.0,0.0,0.0,0.0,0.0,0.0,node_112,PQ,7199.557856794634,7199.557856794634,1000000.0
113,0.0,0.0,0.0,0.0,0.0,0.0,0.0,0.0,0.0,0.0,0.0,0.0,node_113,PQ,7199.557856794634,7199.557856794634,1000000.0
114,0.0,0.0,0.0,0.0,0.0,0.0,0.0,0.0,0.0,0.0,0.0,0.0,node_114,PQ,7199.557856794634,7199.557856794634,1000000.0
115,0.0,0.0,0.0,0.0,0.0,0.0,0.0,0.0,0.0,0.0,0.0,0.0,node_115,PQ,7199.557856794634,7199.557856794634,1000000.0
116,0.0,0.0,0.0,0.0,0.0,0.0,0.0,0.0,0.0,0.0,0.0,0.0,node_116,PQ,7199.557856794634,7199.557856794634,1000000.0
117,0.0,0.0,0.0,0.0,0.0,0.0,0.0,0.0,0.0,0.0,0.0,0.0,node_117,PQ,7199.557856794634,7199.557856794634,1000000.0
118,0.0,0.0,0.0,0.0,0.0,0.0,0.0,0.0,0.0,0.0,0.0,0.0,node_118,PQ,7199.557856794634,7199.557856794634,1000000.0
119,0.0,0.0,0.0,0.0,0.0,0.0,0.0,0.0,0.0,0.0,0.0,0.0,node_119,PQ,7199.557856794634,7199.557856794634,1000000.0
120,0.0,0.0,0.0,0.0,0.0,0.0,0.0,0.0,0.0,0.0,0.0,0.0,node_120,PQ,7199.557856794634,7199.557856794634,1000000.0
121,0.0,0.0,0.0,0.0,0.0,0.0,0.0,0.0,0.0,0.0,0.0,0.0,node_121,PQ,7199.557856794634,7199.557856794634,1000000.0
122,0.0,0.0,0.0,0.0,0.0,0.0,0.0,0.0,0.0,0.0,0.0,0.0,node_122,PQ,7199.557856794634,7199.557856794634,1000000.0
123,0.0,0.0,0.0,0.0,0.0,0.0,0.0,0.0,0.0,0.0,0.0,0.0,node_123,PQ,7199.557856794634,7199.557856794634,1000000.0
124,0.0,0.0,0.0,0.0,0.0,0.0,0.0,0.0,0.0,0.0,0.0,0.0,node_124,PQ,7199.557856794634,7199.557856794634,1000000.0
125,0.0,0.0,0.0,0.0,0.0,0.0,0.0,0.0,0.0,0.0,0.0,0.0,node_125,PQ,7199.557856794634,7199.557856794634,1000000.0
126,0.0,0.0,0.0,0.0,0.0,0.0,0.0,0.0,0.0,0.0,0.0,0.0,node_126,PQ,7199.557856794634,7199.557856794634,1000000.0
127,0.0,0.0,0.0,0.0,0.0,0.0,0.0,0.0,0.0,0.0,0.0,0.0,node_127,PQ,7199.557856794634,7199.557856794634,1000000.0
128,0.0,0.0,0.0,0.0,0.0,0.0,0.0,0.0,0.0,0.0,0.0,0.0,node_128,PQ,7199.557856794634,7199.557856794634,1000000.0
129,0.0,0.0,0.0,0.0,0.0,0.0,0.0,0.0,0.0,0.0,0.0,0.0,node_129,PQ,7199.557856794634,7199.557856794634,1000000.0
130,0.0,0.0,0.0,0.0,0.0,0.0,0.0,0.0,0.0,0.0,0.0,0.0,node_130,PQ,7199.557856794634,7199.557856794634,1000000.0
131,0.0,0.0,0.0,0.0,0.0,0.0,0.0,0.0,0.0,0.0,0.0,0.0,node_131,PQ,7199.557856794634,7199.557856794634,1000000.0
132,0.0,0.0,0.0,0.0,0.0,0.0,0.0,0.0,0.0,0.0,0.0,0.0,node_132,PQ,7199.557856794634,7199.557856794634,1000000.0
133,0.0,0.0,0.0,0.0,0.0,0.0,0.0,0.0,0.0,0.0,0.0,0.0,node_133,PQ,7199.557856794634,7199.557856794634,1000000.0
134,0.0,0.0,0.0,0.0,0.0,0.0,0.0,0.0,0.0,0.0,0.0,0.0,node_134,PQ,7199.557856794634,7199.557856794634,1000000.0
135,0.0,0.0,0.0,0.0,0.0,0.0,0.0,0.0,0.0,0.0,0.0,0.0,node_135,PQ,7199.557856794634,7199.557856794634,1000000.0
136,0.0,0.0,0.0,0.0,0.0,0.0,0.0,0.0,0.0,0.0,0.0,0.0,node_136,PQ,7199.557856794634,7199.557856794634,1000000.0
137,0.0,0.0,0.0,0.0,0.0,0.0,0.0,0.0,0.0,0.0,0.0,0.0,node_137,PQ,7199.557856794634,7199.557856794634,1000000.0
138,0.0,0.0,0.0,0.0,0.0,0.0,0.0,0.0,0.0,0.0,0.0,0.0,node_138,PQ,7199.557856794634,7199.557856794634,1000000.0
139,0.0,0.0,0.0,0.0,0.0,0.0,0.0,0.0,0.0,0.0,0.0,0.0,node_139,PQ,7199.557856794634,7199.557856794634,1000000.0
140,0.0,0.0,0.0,0.0,0.0,0.0,0.0,0.0,0.0,0.0,0.0,0.0,node_140,PQ,7199.557856794634,7199.557856794634,1000000.0
141,0.0,0.0,0.0,0.0,0.0,0.0,0.0,0.0,0.0,0.0,0.0,0.0,node_141,PQ,7199.557856794634,7199.557856794634,1000000.0
142,0.0,0.0,0.0,0.0,0.0,0.0,0.0,0.0,0.0,0.0,0.0,0.0,node_142,PQ,7199.557856794634,7199.557856794634,1000000.0
143,0.0,0.0,0.0,0.0,0.0,0.0,0.0,0.0,0.0,0.0,0.0,0.0,node_143,PQ,7199.557856794634,7199.557856794634,1000000.0
144,0.0,0.0,0.0,0.0,0.0,0.0,0.0,0.0,0.0,0.0,0.0,0.0,node_144,PQ,7199.557856794634,7199.557856794634,1000000.0
145,0.0,0.0,0.0,0.0,0.0,0.0,0.0,0.0,0.0,0.0,0.0,0.0,node_145,PQ,7199.557856794634,7199.557856794634,1000000.0
146,0.0,0.0,0.0,0.0,0.0,0.0,0.0,0.0,0.0,0.0,0.0,0.0,node_146,PQ,7199.557856794634,7199.557856794634,1000000.0
147,0.0,0.0,0.0,0.0,0.0,0.0,0.0,0.0,0.0,0.0,0.0,0.0,node_147,PQ,7199.557856794634,7199.557856794634,1000000.0
148,0.0,0.0,0.0,0.0,0.0,0.0,0.0,0.0,0.0,0.0,0.0,0.0,node_148,PQ,7199.557856794634,7199.557856794634,1000000.0
149,0.0,0.0,0.0,0.0,0.0,0.0,0.0,0.0,0.0,0.0,0.0,0.0,node_149,PQ,7199.557856794634,7199.557856794634,1000000.0
150,0.0,0.0,0.0,0.0,0.0,0.0,0.0,0.0,0.0,0.0,0.0,0.0,node_150,PQ,7199.557856794634,7199.557856794634,1000000.0
151,0.0,0.0,0.0,0.0,0.0,0.0,0.0,0.0,0.0,0.0,0.0,0.0,node_151,PQ,7199.557856794634,7199.557856794634,1000000.0
152,0.0,0.0,0.0,0.0,0.0,0.0,0.0,0.0,0.0,0.0,0.0,0.0,node_152,PQ,7199.557856794634,7199.557856794634,1000000.0
153,0.0,0.0,0.0,0.0,0.0,0.0,0.0,0.0,0.0,0.0,0.0,0.0,node_153,PQ,7199.557856794634,7199.557856794634,1000000.0
154,0.0,0.0,0.0,0.0,0.0,0.0,0.0,0.0,0.0,0.0,0.0,0.0,node_154,PQ,7199.557856794634,7199.557856794634,1000000.0
155,0.0,0.0,0.0,0.0,0.0,0.0,0.0,0.0,0.0,0.0,0.0,0.0,node_155,PQ,7199.557856794634,7199.557856794634,1000000.0
156,0.0,0.0,0.0,0.0,0.0,0.0,0.0,0.0,0.0,0.0,0.0,0.0,node_156,PQ,7199.557856794634,7199.557856794634,1000000.0
157,0.0,0.0,0.0,0.0,0.0,0.0,0.0,0.0,0.0,0.0,0.0,0.0,node_157,PQ,7199.557856794634,7199.557856794634,1000000.0
158,0.0,0.0,0.0,0.0,0.0,0.0,0.0,0.0,0.0,0.0,0.0,0.0,node_158,PQ,7199.557856794634,7199.557856794634,1000000.0
159,0.0,0.0,0.0,0.0,0.0,0.0,0.0,0.0,0.0,0.0,0.0,0.0,node_159,PQ,7199.557856794634,7199.557856794634,1000000.0
160,0.0,0.0,0.0,0.0,0.0,0.0,0.0,0.0,0.0,0.0,0.0,0.0,node_160,PQ,7199.557856794634,7199.557856794634,1000000.0
161,0.0,0.0,0.0,0.0,0.0,0.0,0.0,0.0,0.0,0.0,0.0,0.0,node_161,PQ,7199.557856794634,7199.557856794634,1000000.0
162,0.0,0.0,0.0,0.0,0.0,0.0,0.0,0.0,0.0,0.0,0.0,0.0,node_162,PQ,7199.557856794634,7199.557856794634,1000000.0
163,0.0,0.0,0.0,0.0,0.0,0.0,0.0,0.0,0.0,0.0,0.0,0.0,node_163,PQ,7199.557856794634,7199.557856794634,1000000.0
164,0.0,0.0,0.0,0.0,0.0,0.0,0.0,0.0,0.0,0.0,0.0,0.0,node_164,PQ,7199.557856794634,7199.557856794634,1000000.0
165,0.0,0.0,0.0,0.0,0.0,0.0,0.0,0.0,0.0,0.0,0.0,0.0,node_165,PQ,7199.557856794634,7199.557856794634,1000000.0
166,0.0,0.0,0.0,0.0,0.0,0.0,0.0,0.0,0.0,0.0,0.0,0.0,node_166,PQ,7199.557856794634,7199.557856794634,1000000.0
167,0.0,0.0,0.0,0.0,0.0,0.0,0.0,0.0,0.0,0.0,0.0,0.0,node_167,PQ,7199.557856794634,7199.557856794634,1000000.0
168,0.0,0.0,0.0,0.0,0.0,0.0,0.0,0.0,0.0,0.0,0.0,0.0,node_168,PQ,7199.557856794634,7199.557856794634,1000000.0
169,0.0,0.0,0.0,0.0,0.0,0.0,0.0,0.0,0.0,0.0,0.0,0.0,node_169,PQ,7199.557856794634,7199.557856794634,1000000.0
170,0.0,0.0,0.0,0.0,0.0,0.0,0.0,0.0,0.0,0.0,0.0,0.0,node_170,PQ,7199.557856794634,7199.557856794634,1000000.0
171,0.0,0.0,0.0,0.0,0.0,0.0,0.0,0.0,0.0,0.0,0.0,0.0,node_171,PQ,7199.557856794634,7199.557856794634,1000000.0
172,0.0,0.0,0.0,0.0,0.0,0.0,0.0,0.0,0.0,0.0,0.0,0.0,node_172,PQ,7199.557856794634,7199.557856794634,1000000.0
173,0.0,0.0,0.0,0.0,0.0,0.0,0.0,0.0,0.0,0.0,0.0,0.0,node_173,PQ,7199.557856794634,7199.557856794634,1000000.0
174,0.0,0.0,0.0,0.0,0.0,0.0,0.0,0.0,0.0,0.0,0.0,0.0,node_174,PQ,7199.557856794634,7199.557856794634,1000000.0
175,0.0,0.0,0.0,0.0,0.0,0.0,0.0,0.0,0.0,0.0,0.0,0.0,node_175,PQ,7199.557856794634,7199.557856794634,1000000.0
176,0.0,0.0,0.0,0.0,0.0,0.0,0.0,0.0,0.0,0.0,0.0,0.0,node_176,PQ,7199.557856794634,7199.557856794634,1000000.0
177,0.0,0.0,0.0,0.0,0.0,0.0,0.0,0.0,0.0,0.0,0.0,0.0,node_177,PQ,7199.557856794634,7199.557856794634,1000000.0
178,0.0,0.0,0.0,0.0,0.0,0.0,0.0,0.0,0.0,0.0,0.0,0.0,node_178,PQ,7199.557856794634,7199.557856794634,1000000.0
179,0.0,0.0,0.0,0.0,0.0,0.0,0.0,0.0,0.0,0.0,0.0,0.0,node_179,PQ,7199.557856794634,7199.557856794634,1000000.0
180,0.0,0.0,0.0,0.0,0.0,0.0,0.0,0.0,0.0,0.0,0.0,0.0,node_180,PQ,7199.557856794634,7199.557856794634,1000000.0
181,0.0,0.0,0.0,0.0,0.0,0.0,0.0,0.0,0.0,0.0,0.0,0.0,node_181,PQ,7199.557856794634,7199.557856794634,1000000.0
182,0.0,0.0,0.0,0.0,0.0,0.0,0.0,0.0,0.0,0.0,0.0,0.0,node_182,PQ,7199.557856794634,7199.557856794634,1000000.0
183,0.0,0.0,0.0,0.0,0.0,0.0,0.0,0.0,0.0,0.0,0.0,0.0,node_183,PQ,7199.557856794634,7199.557856794634,1000000.0
184,0.0,0.0,0.0,0.0,0.0,0.0,0.0,0.0,0.0,0.0,0.0,0.0,node_184,PQ,7199.557856794634,7199.557856794634,1000000.0
185,0.0,0.0,0.0,0.0,0.0,0.0,0.0,0.0,0.0,0.0,0.0,0.0,node_185,PQ,7199.557856794634,7199.557856794634,1000000.0
186,0.0,0.0,0.0,0.0,0.0,0.0,0.0,0.0,0.0,0.0,0.0,0.0,node_186,PQ,7199.557856794634,7199.557856794634,1000000.0
187,0.0,0.0,0.0,0.0,0.0,0.0,0.0,0.0,0.0,0.0,0.0,0.0,node_187,PQ,7199.557856794634,7199.557856794634,1000000.0
188,0.0,0.0,0.0,0.0,0.0,0.0,0.0,0.0,0.0,0.0,0.0,0.0,node_188,PQ,7199.557856794634,7199.557856794634,1000000.0
189,0.0,0.0,0.0,0.0,0.0,0.0,0.0,0.0,0.0,0.0,0.0,0.0,node_189,PQ,7199.557856794634,7199.557856794634,1000000.0
190,0.0,0.0,0.0,0.0,0.0,0.0,0.0,0.0,0.0,0.0,0.0,0.0,node_190,PQ,7199.557856794634,7199.557856794634,1000000.0
191,0.0,0.0,0.0,0.0,0.0,0.0,0.0,0.0,0.0,0.0,0.0,0.0,node_191,PQ,7199.557856794634,7199.557856794634,1000000.0
192,0.0,0.0,0.0,0.0,0.0,0.0,0.0,0.0,0.0,0.0,0.0,0.0,node_192,PQ,7199.557856794634,7199.557856794634,1000000.0
193,0.0,0.0,0.0,0.0,0.0,0.0,0.0,0.0,0.0,0.0,0.0,0.0,node_193,PQ,7199.557856794634,7199.557856794634,1000000.0
194,0.0,0.0,0.0,0.0,0.0,0.0,0.0,0.0,0.0,0.0,0.0,0.0,node_194,PQ,7199.557856794634,7199.557856794634,1000000.0
195,0.0,0.0,0.0,0.0,0.0,0.0,0.0,0.0,0.0,0.0,0.0,0.0,node_195,PQ,7199.557856794634,7199.557856794634,1000000.0
196,0.0,0.0,0.0,0.0,0.0,0.0,0.0,0.0,0.0,0.0,0.0,0.0,node_196,PQ,7199.557856794634,7199.557856794634,1000000.0
197,0.0,0.0,0.0,0.0,0.0,0.0,0.0,0.0,0.0,0.0,0.0,0.0,node_197,PQ,7199.557856794634,7199.557856794634,1000000.0
198,0.0,0.0,0.0,0.0,0.0,0.0,0.0,0.0,0.0,0.0,0.0,0.0,node_198,PQ,7199.557856794634,7199.557856794634,1000000.0
199,0.0,0.0,0.0,0.0,0.0,0.0,0.0,0.0,0.0,0.0,0.0,0.0,node_199,PQ,7199.557856794634,7199.557856794634,1000000.0
200,0.0,0.0,0.0,0.0,0.0,0.0,0.0,0.0,0.0,0.0,0.0,0.0,node_200,PQ,7199.557856794634,7199.557856794634,1000000.0
201,0.0,0.0,0.0,0.0,0.0,0.0,0.0,0.0,0.0,0.0,0.0,0.0,node_201,PQ,7199.557856794634,7199.557856794634,1000000.0
202,0.0,0.0,0.0,0.0,0.0,0.0,0.0,0.0,0.0,0.0,0.0,0.0,node_202,PQ,7199.557856794634,7199.557856794634,1000000.0
203,0.0,0.0,0.0,0.0,0.0,0.0,0.0,0.0,0.0,0.0,0.0,0.0,node_203,PQ,7199.557856794634,7199.557856794634,1000000.0
204,0.0,0.0,0.0,0.0,0.0,0.0,0.0,0.0,0.0,0.0,0.0,0.0,node_204,PQ,7199.557856794634,7199.557856794634,1000000.0
205,0.0,0.0,0.0,0.0,0.0,0.0,0.0,0.0,0.0,0.0,0.0,0.0,node_205,PQ,7199.557856794634,7199.557856794634,1000000.0
206,0.0,0.0,0.0,0.0,0.0,0.0,0.0,0.0,0.0,0.0,0.0,0.0,node_206,PQ,7199.557856794634,7199.557856794634,1000000.0
207,0.0,0.0,0.0,0.0,0.0,0.0,0.0,0.0,0.0,0.0,0.0,0.0,node_207,PQ,7199.557856794634,7199.557856794634,1000000.0
208,0.0,0.0,0.0,0.0,0.0,0.0,0.0,0.0,0.0,0.0,0.0,0.0,node_208,PQ,7199.557856794634,7199.557856794634,1000000.0
209,0.0,0.0,0.0,0.0,0.0,0.0,0.0,0.0,0.0,0.0,0.0,0.0,node_209,PQ,7199.557856794634,7199.557856794634,1000000.0
210,0.0,0.0,0.0,0.0,0.0,0.0,0.0,0.0,0.0,0.0,0.0,0.0,node_210,PQ,7199.557856794634,7199.557856794634,1000000.0
211,0.0,0.0,0.0,0.0,0.0,0.0,0.0,0.0,0.0,0.0,0.0,0.0,node_211,PQ,7199.557856794634,7199.557856794634,1000000.0
212,0.0,0.0,0.0,0.0,0.0,0.0,0.0,0.0,0.0,0.0,0.0,0.0,node_212,PQ,7199.557856794634,7199.557856794634,1000000.0
213,0.0,0.0,0.0,0.0,0.0,0.0,0.0,0.0,0.0,0.0,0.0,0.0,node_213,PQ,7199.557856794634,7199.557856794634,1000000.0
214,0.0,0.0,0.0,0.0,0.0,0.0,0.0,0.0,0.0,0.0,0.0,0.0,node_214,PQ,7199.557856794634,7199.557856794634,1000000.0
215,0.0,0.0,0.0,0.0,0.0,0.0,0.0,0.0,0.0,0.0,0.0,0.0,node_215,PQ,7199.557856794634,7199.557856794634,1000000.0
216,0.0,0.0,0.0,0.0,0.0,0.0,0.0,0.0,0.0,0.0,0.0,0.0,node_216,PQ,7199.557856794634,7199.557856794634,1000000.0
217,0.0,0.0,0.0,0.0,0.0,0.0,0.0,0.0,0.0,0.0,0.0,0.0,node_217,PQ,7199.557856794634,7199.557856794634,1000000.0
218,0.0,0.0,0.0,0.0,0.0,0.0,0.0,0.0,0.0,0.0,0.0,0.0,node_218,PQ,7199.557856794634,7199.557856794634,1000000.0
219,0.0,0.0,0.0,0.0,0.0,0.0,0.0,0.0,0.0,0.0,0.0,0.0,node_219,PQ,7199.557856794634,7199.557856794634,1000000.0
220,0.0,0.0,0.0,0.0,0.0,0.0,0.0,0.0,0.0,0.0,0.0,0.0,node_220,PQ,7199.557856794634,7199.557856794634,1000000.0
221,0.0,0.0,0.0,0.0,0.0,0.0,0.0,0.0,0.0,0.0,0.0,0.0,node_221,PQ,7199.557856794634,7199.557856794634,1000000.0
222,0.0,0.0,0.0,0.0,0.0,0.0,0.0,0.0,0.0,0.0,0.0,0.0,node_222,PQ,7199.557856794634,7199.557856794634,1000000.0
223,0.0,0.0,0.0,0.0,0.0,0.0,0.0,0.0,0.0,0.0,0.0,0.0,node_223,PQ,7199.557856794634,7199.557856794634,1000000.0
224,0.0,0.0,0.0,0.0,0.0,0.0,0.0,0.0,0.0,0.0,0.0,0.0,node_224,PQ,7199.557856794634,7199.557856794634,1000000.0
225,0.0,0.0,0.0,0.0,0.0,0.0,0.0,0.0,0.0,0.0,0.0,0.0,node_225,PQ,7199.557856794634,7199.557856794634,1000000.0
226,0.0,0.0,0.0,0.0,0.0,0.0,0.0,0.0,0.0,0.0,0.0,0.0,node_226,PQ,7199.557856794634,7199.557856794634,1000000.0
227,0.0,0.0,0.0,0.0,0.0,0.0,0.0,0.0,0.0,0.0,0.0,0.0,node_227,PQ,7199.557856794634,7199.557856794634,1000000.0
228,0.0,0.0,0.0,0.0,0.0,0.0,0.0,0.0,0.0,0.0,0.0,0.0,node_228,PQ,7199.557856794634,7199.557856794634,1000000.0
229,0.0,0.0,0.0,0.0,0.0,0.0,0.0,0.0,0.0,0.0,0.0,0.0,node_229,PQ,7199.557856794634,7199.557856794634,1000000.0
230,0.0,0.0,0.0,0.0,0.0,0.0,0.0,0.0,0.0,0.0,0.0,0.0,node_230,PQ,7199.557856794634,7199.557856794634,1000000.0
231,0.0,0.0,0.0,0.0,0.0,0.0,0.0,0.0,0.0,0.0,0.0,0.0,node_231,PQ,7199.557856794634,7199.557856794634,1000000.0
232,0.0,0.0,0.0,0.0,0.0,0.0,0.0,0.0,0.0,0.0,0.0,0.0,node_232,PQ,7199.557856794634,7199.557856794634,1000000.0
233,0.0,0.0,0.0,0.0,0.0,0.0,0.0,0.0,0.0,0.0,0.0,0.0,node_233,PQ,7199.557856794634,7199.557856794634,1000000.0
234,0.0,0.0,0.0,0.0,0.0,0.0,0.0,0.0,0.0,0.0,0.0,0.0,node_234,PQ,7199.557856794634,7199.557856794634,1000000.0
235,0.0,0.0,0.0,0.0,0.0,0.0,0.0,0.0,0.0,0.0,0.0,0.0,node_235,PQ,7199.557856794634,7199.557856794634,1000000.0
236,0.0,0.0,0.0,0.0,0.0,0.0,0.0,0.0,0.0,0.0,0.0,0.0,node_236,PQ,7199.557856794634,7199.557856794634,1000000.0
237,0.0,0.0,0.0,0.0,0.0,0.0,0.0,0.0,0.0,0.0,0.0,0.0,node_237,PQ,7199.557856794634,7199.557856794634,1000000.0
238,0.0,0.0,0.0,0.0,0.0,0.0,0.0,0.0,0.0,0.0,0.0,0.0,node_238,PQ,7199.557856794634,7199.557856794634,1000000.0
239,0.0,0.0,0.0,0.0,0.0,0.0,0.0,0.0,0.0,0.0,0.0,0.0,node_239,PQ,7199.557856794634,7199.557856794634,1000000.0
240,0.0,0.0,0.0,0.0,0.0,0.0,0.0,0.0,0.0,0.0,0.0,0.0,node_240,PQ,7199.557856794634,7199.557856794634,1000000.0
241,0.0,0.0,0.0,0.0,0.0,0.0,0.0,0.0,0.0,0.0,0.0,0.0,node_241,PQ,7199.557856794634,7199.557856794634,1000000.0
242,0.0,0.0,0.0,0.0,0.0,0.0,0.0,0.0,0.0,0.0,0.0,0.0,node_242,PQ,7199.557856794634,7199.557856794634,1000000.0
243,0.0,0.0,0.0,0.0,0.0,0.0,0.0,0.0,0.0,0.0,0.0,0.0,node_243,PQ,7199.557856794634,7199.557856794634,1000000.0
244,0.0,0.0,0.0,0.0,0.0,0.0,0.0,0.0,0.0,0.0,0.0,0.0,node_244,PQ,7199.557856794634,7199.557856794634,1000000.0
245,0.0,0.0,0.0,0.0,0.0,0.0,0.0,0.0,0.0,0.0,0.0,0.0,node_245,PQ,7199.557856794634,7199.557856794634,1000000.0
246,0.0,0.0,0.0,0.0,0.0,0.0,0.0,0.0,0.0,0.0,0.0,0.0,node_246,PQ,7199.557856794634,7199.557856794634,1000000.0
247,0.0,0.0,0.0,0.0,0.0,0.0,0.0,0.0,0.0,0.0,0.0,0.0,node_247,PQ,7199.557856794634,7199.557856794634,1000000.0
248,0.0,0.0,0.0,0.0,0.0,0.0,0.0,0.0,0.0,0.0,0.0,0.0,node_248,PQ,7199.557856794634,7199.557856794634,1000000.0
249,0.0,0.0,0.0,0.0,0.0,0.0,0.0,0.0,0.0,0.0,0.0,0.0,node_249,PQ,7199.557856794634,7199.557856794634,1000000.0
250,0.0,0.0,0.0,0.0,0.0,0.0,0.0,0.0,0.0,0.0,0.0,0.0,node_250,PQ,7199.557856794634,7199.557856794634,1000000.0
251,0.0,0.0,0.0,0.0,0.0,0.0,0.0,0.0,0.0,0.0,0.0,0.0,node_251,PQ,7199.557856794634,7199.557856794634,1000000.0
252,0.0,0.0,0.0,0.0,0.0,0.0,0.0,0.0,0.0,0.0,0.0,0.0,node_252,PQ,7199.557856794634,7199.557856794634,1000000.0
253,0.0,0.0,0.0,0.0,0.0,0.0,0.0,0.0,0.0,0.0,0.0,0.0,node_253,PQ,7199.557856794634,7199.557856794634,1000000.0
254,0.0,0.0,0.0,0.0,0.0,0.0,0.0,0.0,0.0,0.0,0.0,0.0,node_254,PQ,7199.557856794634,7199.557856794634,1000000.0
255,0.0,0.0,0.0,0.0,0.0,0.0,0.0,0.0,0.0,0.0,0.0,0.0,node_255,PQ,7199.557856794634,7199.557856794634,1000000.0
256,0.0,0.0,0.0,0.0,0.0,0.0,0.0,0.0,0.0,0.0,0.0,0.0,node_256,PQ,7199.557856794634,7199.557856794634,1000000.0
257,0.0,0.0,0.0,0.0,0.0,0.0,0.0,0.0,0.0,0.0,0.0,0.0,node_257,PQ,7199.557856794634,7199.557856794634,1000000.0
258,0.0,0.0,0.0,0.0,0.0,0.0,0.0,0.0,0.0,0.0,0.0,0.0,node_258,PQ,7199.557856794634,7199.557856794634,1000000.0
259,0.0,0.0,0.0,0.0,0.0,0.0,0.0,0.0,0.0,0.0,0.0,0.0,node_259,PQ,7199.557856794634,7199.557856794634,1000000.0
260,0.0,0.0,0.0,0.0,0.0,0.0,0.0,0.0,0.0,0.0,0.0,0.0,node_260,PQ,7199.557856794634,7199.557856794634,1000000.0
261,0.0,0.0,0.0,0.0,0.0,0.0,0.0,0.0,0.0,0.0,0.0,0.0,node_261,PQ,7199.557856794634,7199.557856794634,1000000.0
262,0.0,0.0,0.0,0.0,0.0,0.0,0.0,0.0,0.0,0.0,0.0,0.0,node_262,PQ,7199.557856794634,7199.557856794634,1000000.0
263,0.0,0.0,0.0,0.0,0.0,0.0,0.0,0.0,0.0,0.0,0.0,0.0,node_263,PQ,7199.557856794634,7199.557856794634,1000000.0
264,0.0,0.0,0.0,0.0,0.0,0.0,0.0,0.0,0.0,0.0,0.0,0.0,node_264,PQ,7199.557856794634,7199.557856794634,1000000.0
265,0.0,0.0,0.0,0.0,0.0,0.0,0.0,0.0,0.0,0.0,0.0,0.0,node_265,PQ,7199.557856794634,7199.557856794634,1000000.0
266,0.0,0.0,0.0,0.0,0.0,0.0,0.0,0.0,0.0,0.0,0.0,0.0,node_266,PQ,7199.557856794634,7199.557856794634,1000000.0
267,0.0,0.0,0.0,0.0,0.0,0.0,0.0,0.0,0.0,0.0,0.0,0.0,node_267,PQ,7199.557856794634,7199.557856794634,1000000.0
268,0.0,0.0,0.0064352229999999995,0.0019069363,0.0,0.0,0.0,0.0,0.0,0.0,0.0,0.0,node_268,PQ,7199.557856794634,7199.557856794634,1000000.0
269,0.0061562257,0.0018367523,0.0,0.0,0.0,0.0,0.0,0.0,0.0,0.0,0.0,0.0,node_269,PQ,7199.557856794634,7199.557856794634,1000000.0
270,0.010260376199999999,0.0030612537999999997,0.0,0.0,0.0,0.0,0.0,0.0,0.0,0.0,0.0,0.0,node_270,PQ,7199.557856794634,7199.557856794634,1000000.0
271,0.0,0.0,0.00042901489999999995,0.00012712190000000001,0.0,0.0,0.0,0.0,0.0,0.0,0.0,0.0,node_271,PQ,7199.557856794634,7199.557856794634,1000000.0
272,0.0,0.0,0.0107253717,0.0037182272,0.0,0.0,0.0,0.0,0.0,0.0,0.0,0.0,node_272,PQ,7199.557856794634,7199.557856794634,1000000.0
273,0.0061562257,0.0018367523,0.0,0.0,0.0,0.0,0.0,0.0,0.0,0.0,0.0,0.0,node_273,PQ,7199.557856794634,7199.557856794634,1000000.0
274,0.0061562257,0.0018367523,0.0,0.0,0.0,0.0,0.0,0.0,0.0,0.0,0.0,0.0,node_274,PQ,7199.557856794634,7199.557856794634,1000000.0
275,0.0,0.0,0.0042901486999999995,0.0012712908999999999,0.0,0.0,0.0,0.0,0.0,0.0,0.0,0.0,node_275,PQ,7199.557856794634,7199.557856794634,1000000.0
276,0.010260376199999999,0.0030612537999999997,0.0107253717,0.0031782271999999997,0.0104320447,0.0031037766,0.0,0.0,0.0,0.0,0.0,0.0,node_276,PQ,7199.557856794634,7199.557856794634,1000000.0
277,0.0082083009,0.0024490031,0.008580297399999999,0.0025425817,0.0,0.0,0.0,0.0,0.0,0.0,0.0,0.0,node_277,PQ,7199.557856794634,7199.557856794634,1000000.0
278,0.0061562257,0.0018367523,0.0,0.0,0.0,0.0,0.0,0.0,0.0,0.0,0.0,0.0,node_278,PQ,7199.557856794634,7199.557856794634,1000000.0
279,0.0082083009,0.0024490031,0.008580297399999999,0.0025425817,0.0,0.0,0.0,0.0,0.0,0.0,0.0,0.0,node_279,PQ,7199.557856794634,7199.557856794634,1000000.0
280,0.0020520752,0.0006122508,0.0,0.0,0.0,0.0,0.0,0.0,0.0,0.0,0.0,0.0,node_280,PQ,7199.557856794634,7199.557856794634,1000000.0
281,0.0061562257,0.0018367523,0.0064352229999999995,0.0019069363,0.006259226800000001,0.001862266,0.0,0.0,0.0,0.0,0.0,0.0,node_281,PQ,7199.557856794634,7199.557856794634,1000000.0
282,0.0205207523,0.0061225077,0.0214507543,0.006356454300000001,0.0208640894,0.0062075532,0.0,0.0,0.0,0.0,0.0,0.0,node_282,PQ,7199.557856794634,7199.557856794634,1000000.0
283,0.0,0.0,0.0064352229999999995,0.0019069363,0.0,0.0,0.0,0.0,0.0,0.0,0.0,0.0,node_283,PQ,7199.557856794634,7199.557856794634,1000000.0
284,0.0205207523,0.0061225077,0.0214507543,0.006356454300000001,0.0208640894,0.0062075532,0.0,0.0,0.0,0.0,0.0,0.0,node_284,PQ,7199.557856794634,7199.557856794634,1000000.0
285,0.010260376199999999,0.0030612537999999997,0.0107253717,0.0031782271999999997,0.0104320447,0.0031037766,0.0,0.0,0.0,0.0,0.0,0.0,node_285,PQ,7199.557856794634,7199.557856794634,1000000.0
286,0.0205207523,0.0061225077,0.0214507435,0.006356454300000001,0.0208640894,0.0062075532,0.0,0.0,0.0,0.0,0.0,0.0,node_286,PQ,7199.557856794634,7199.557856794634,1000000.0
287,0.0061562257,0.0018367523,0.0064352229999999995,0.0019069363,0.006259226800000001,0.001862266,0.0,0.0,0.0,0.0,0.0,0.0,node_287,PQ,7199.557856794634,7199.557856794634,1000000.0
288,0.0,0.0,0.0064352229999999995,0.0019069363,0.0,0.0,0.0,0.0,0.0,0.0,0.0,0.0,node_288,PQ,7199.557856794634,7199.557856794634,1000000.0
289,0.0,0.0,0.0,0.0,0.0104320447,0.0031037766,0.0,0.0,0.0,0.0,0.0,0.0,node_289,PQ,7199.557856794634,7199.557856794634,1000000.0
290,0.0,0.0,0.0,0.0,0.0104320447,0.0031037766,0.0,0.0,0.0,0.0,0.0,0.0,node_290,PQ,7199.557856794634,7199.557856794634,1000000.0
291,0.0061562257,0.0018367523,0.0064352229999999995,0.0019069363,0.006259226800000001,0.001862266,0.0,0.0,0.0,0.0,0.0,0.0,node_291,PQ,7199.557856794634,7199.557856794634,1000000.0
292,0.0205207523,0.0061225077,0.0214507435,0.006356454300000001,0.0208640894,0.0062075532,0.0,0.0,0.0,0.0,0.0,0.0,node_292,PQ,7199.557856794634,7199.557856794634,1000000.0
293,0.010260376199999999,0.0030612537999999997,0.0,0.0,0.0,0.0,0.0,0.0,0.0,0.0,0.0,0.0,node_293,PQ,7199.557856794634,7199.557856794634,1000000.0
294,0.0410415046,0.0122450154,0.042901487,0.012712908699999999,0.0417281788,0.0124151064,0.0,0.0,0.0,0.0,0.0,0.0,node_294,PQ,7199.557856794634,7199.557856794634,1000000.0
295,0.1366682104,0.0407759011,0.1428619516,0.0423339859,0.1389548355,0.0413423042,0.0,0.0,0.0,0.0,0.0,0.0,node_295,PQ,7199.557856794634,7199.557856794634,1000000.0
296,0.0410415046,0.0122450154,0.042901487,0.012712908699999999,0.0417281788,0.0124151064,0.0,0.0,0.0,0.0,0.0,0.0,node_296,PQ,7199.557856794634,7199.557856794634,1000000.0
297,0.010260376199999999,0.0030612537999999997,0.0,0.0,0.0,0.0,0.0,0.0,0.0,0.0,0.0,0.0,node_297,PQ,7199.557856794634,7199.557856794634,1000000.0
298,0.010260376199999999,0.0030612537999999997,0.0107253717,0.0031782271999999997,0.0104320447,0.0031037766,0.0,0.0,0.0,0.0,0.0,0.0,node_298,PQ,7199.557856794634,7199.557856794634,1000000.0
299,0.010260376199999999,0.0030612537999999997,0.0107253717,0.0031782271999999997,0.0104320447,0.0031037766,0.0,0.0,0.0,0.0,0.0,0.0,node_299,PQ,7199.557856794634,7199.557856794634,1000000.0
300,0.010260376199999999,0.0030612537999999997,0.0,0.0,0.0,0.0,0.0,0.0,0.0,0.0,0.0,0.0,node_300,PQ,7199.557856794634,7199.557856794634,1000000.0
301,0.0205207523,0.0061225077,0.0214507435,0.006356454300000001,0.0208640894,0.0062075532,0.0,0.0,0.0,0.0,0.0,0.0,node_301,PQ,7199.557856794634,7199.557856794634,1000000.0
302,0.0,0.0,0.0,0.0,0.006259226800000001,0.001862266,0.0,0.0,0.0,0.0,0.0,0.0,node_302,PQ,7199.557856794634,7199.557856794634,1000000.0
303,0.0,0.0,0.0,0.0,0.006259226800000001,0.001862266,0.0,0.0,0.0,0.0,0.0,0.0,node_303,PQ,7199.557856794634,7199.557856794634,1000000.0
304,0.010260376199999999,0.0030612537999999997,0.0107253717,0.0031782271999999997,0.0104320447,0.0031037766,0.0,0.0,0.0,0.0,0.0,0.0,node_304,PQ,7199.557856794634,7199.557856794634,1000000.0
305,0.0,0.0,0.0107253717,0.0031782271999999997,0.0,0.0,0.0,0.0,0.0,0.0,0.0,0.0,node_305,PQ,7199.557856794634,7199.557856794634,1000000.0
306,0.0205207523,0.0061225077,0.0214507435,0.006356454300000001,0.0208640894,0.0062075532,0.0,0.0,0.0,0.0,0.0,0.0,node_306,PQ,7199.557856794634,7199.557856794634,1000000.0
307,0.0,0.0,0.0107253717,0.0031782271999999997,0.0,0.0,0.0,0.0,0.0,0.0,0.0,0.0,node_307,PQ,7199.557856794634,7199.557856794634,1000000.0
308,0.0205207523,0.0061225077,0.0214507435,0.006356454300000001,0.0208640894,0.0062075532,0.0,0.0,0.0,0.0,0.0,0.0,node_308,PQ,7199.557856794634,7199.557856794634,1000000.0
309,0.0,0.0,0.0042901486999999995,0.0012712908999999999,0.0,0.0,0.0,0.0,0.0,0.0,0.0,0.0,node_309,PQ,7199.557856794634,7199.557856794634,1000000.0
310,0.0061562257,0.0018367523,0.0064352229999999995,0.0019069363,0.006259226800000001,0.001862266,0.0,0.0,0.0,0.0,0.0,0.0,node_310,PQ,7199.557856794634,7199.557856794634,1000000.0
311,0.0,0.0,0.0042901486999999995,0.0012712908999999999,0.0,0.0,0.0,0.0,0.0,0.0,0.0,0.0,node_311,PQ,7199.557856794634,7199.557856794634,1000000.0
312,0.0684025077,0.0204083589,0.0715024783,0.0211881812,0.0695469647,0.0206918439,0.0,0.0,0.0,0.0,0.0,0.0,node_312,PQ,7199.557856794634,7199.557856794634,1000000.0
313,0.0062,0.0018,0.0064,0.0019,0.0063,0.0019,0.0,0.0,0.0,0.0,0.0,0.0,node_313,PQ,7199.557856794634,7199.557856794634,1000000.0
314,0.0410415046,0.0122450154,0.042901487,0.012712908699999999,0.0417281788,0.0124151064,0.0,0.0,0.0,0.0,0.0,0.0,node_314,PQ,7199.557856794634,7199.557856794634,1000000.0
315,0.010260376199999999,0.0030612537999999997,0.0,0.0,0.0,0.0,0.0,0.0,0.0,0.0,0.0,0.0,node_315,PQ,7199.557856794634,7199.557856794634,1000000.0
316,0.0,0.0,0.0,0.0,0.0041728719,0.0012415106000000001,0.0,0.0,0.0,0.0,0.0,0.0,node_316,PQ,7199.557856794634,7199.557856794634,1000000.0
317,0.0205207523,0.0061225077,0.0214507435,0.006356454300000001,0.0208640894,0.0062075532,0.0,0.0,0.0,0.0,0.0,0.0,node_317,PQ,7199.557856794634,7199.557856794634,1000000.0
318,0.0061562257,0.0018367523,0.0064352229999999995,0.0019069363,0.006259226800000001,0.001862266,0.0,0.0,0.0,0.0,0.0,0.0,node_318,PQ,7199.557856794634,7199.557856794634,1000000.0
319,0.010260376199999999,0.0030612537999999997,0.0107253717,0.0031782271999999997,0.0104320447,0.0031037766,0.0,0.0,0.0,0.0,0.0,0.0,node_319,PQ,7199.557856794634,7199.557856794634,1000000.0
320,0.0205207523,0.0061225077,0.0214507435,0.006356454300000001,0.0208640894,0.0062075532,0.0,0.0,0.0,0.0,0.0,0.0,node_320,PQ,7199.557856794634,7199.557856794634,1000000.0
321,0.0061562257,0.0018367523,0.0064352229999999995,0.0019069363,0.006259226800000001,0.001862266,0.0,0.0,0.0,0.0,0.0,0.0,node_321,PQ,7199.557856794634,7199.557856794634,1000000.0
322,0.0684025077,0.0204083589,0.0715024783,0.0211881812,0.0695469647,0.0206918439,0.0,0.0,0.0,0.0,0.0,0.0,node_322,PQ,7199.557856794634,7199.557856794634,1000000.0
323,0.0684025077,0.0204083589,0.0715024783,0.0211881812,0.0695469647,0.0206918439,0.0,0.0,0.0,0.0,0.0,0.0,node_323,PQ,7199.557856794634,7199.557856794634,1000000.0
324,0.205207523,0.061225076999999996,0.214507435,0.063564543,0.208640894,0.062075532,0.0,0.0,0.0,0.0,0.0,0.0,node_324,PQ,7199.557856794634,7199.557856794634,1000000.0
325,0.205207523,0.061225076999999996,0.214507435,0.063564543,0.208640894,0.062075532,0.0,0.0,0.0,0.0,0.0,0.0,node_325,PQ,7199.557856794634,7199.557856794634,1000000.0
326,0.010260376199999999,0.0030612537999999997,0.0107253717,0.0031782271999999997,0.0104320447,0.0031037766,0.0,0.0,0.0,0.0,0.0,0.0,node_326,PQ,7199.557856794634,7199.557856794634,1000000.0
327,0.102603762,0.030612538,0.107253717,0.031782272,0.104320447,0.031037766,0.0,0.0,0.0,0.0,0.0,0.0,node_327,PQ,7199.557856794634,7199.557856794634,1000000.0
328,0.0684025077,0.0204083589,0.0715024783,0.0211881812,0.0695469647,0.0206918439,0.0,0.0,0.0,0.0,0.0,0.0,node_328,PQ,7199.557856794634,7199.557856794634,1000000.0
329,0.010260376199999999,0.0030612537999999997,0.0107253717,0.0031782271999999997,0.0104320447,0.0031037766,0.0,0.0,0.0,0.0,0.0,0.0,node_329,PQ,7199.557856794634,7199.557856794634,1000000.0
330,0.0,0.0,0.0,0.0,0.0,0.0,0.0,0.0,0.0,0.0,0.0,0.0,node_330,PQ,7199.557856794634,7199.557856794634,1000000.0
